name,title,source,url_source,tag_news
['Лавров прокомментировал использование Украиной ATACMS'],"['РИО-ДЕ-ЖАНЕЙРО, 19 ноя\xa0— РИА Новости. Использование ракет ATACMS по\xa0территории Брянской области\xa0— это сигнал о\xa0том, что\xa0на\xa0Западе хотят эскалации, заявил глава МИД\xa0РФ Сергей Лавров.']",© РИА Новости,http://www.ria.ru,Саммит G20
"['СМИ: граждан Швеции, Норвегии и Финляндии призвали готовиться к войне']","['На\xa0фоне эскалации конфликта в\xa0Восточной Европе три северных государства в\xa0понедельник дали своим гражданам новые рекомендации на\xa0случай войны или крупного кризиса, пишут Business Today и\xa0Express.']",Новости Mail,https://news.mail.ru,Саммит G20
['Песков: на применение ВСУ неядерных ракет возможен ядерный ответ'],['Пресс-секретарь президента\xa0РФ Дмитрий Песков на\xa0брифинге с\xa0журналистами рассказал об\xa0обновленной российской ядерной доктрине. Документ допускает возможность ядерного ответа на\xa0использование оружия массового поражения против\xa0РФ.'],Новости Mail,https://news.mail.ru,Саммит G20
['Политолог: Россия поразит объекты ВС США в ответ на атаку ATACMS'],"['Политолог Юрий Светлов назвал возможную цель для\xa0России в\xa0ответ на\xa0удар по\xa0территории страны со\xa0стороны ВСУ американскими дальнобойными ракетами. По\xa0мнению эксперта, Вооруженные силы России могут ликвидировать спутниковую группировку США.']",Новости Mail,https://news.mail.ru,Саммит G20
['Шесть стран Европы обвинили Россию в активизации гибридных атак'],"['Министры иностранных дел шести стран Европы обвинили Россию в\xa0ведении гибридной войны, ревизионизме и\xa0нежелании вести конструктивные переговоры по\xa0Украине. Они призвали срочно укрепить НАТО и\xa0поддержали кредит Киеву на\xa0$50 млрд.']",РБК,https://www.rbc.ru/,Саммит G20
['Шесть стран Европы обвинили Россию в активизации гибридных атак'],"['Министры иностранных дел шести стран Европы обвинили Россию в\xa0ведении гибридной войны, ревизионизме и\xa0нежелании вести конструктивные переговоры по\xa0Украине. Они призвали срочно укрепить НАТО и\xa0поддержали кредит Киеву на\xa0$50 млрд.']",РБК,https://www.rbc.ru/,Саммит G20
['Последние зарубежные новости за 19 ноября 2024 года: свежие события текущего дня'],"['Редакция проекта Новости Mail представляет обзор главных материалов, опубликованных в\xa0иностранных изданиях. Читайте последние зарубежные новости за\xa019\xa0ноября 2024 года.']",Новости Mail,https://news.mail.ru,Саммит G20
[],[],,,
['В Москве простились с музыкантом Владимиром Левкиным. Фоторепортаж'],"['На\xa0церемонию пришли участники «На-На», Кай Метов, Денис Майданов и\xa0другие.']",РБК Life,https://www.rbc.ru/life,
"['Песков заявил, что СВО продлится еще какое-то время']","['НЬЮ-ДЕЛИ, 19\xa0ноября. /ТАСС/. Специальная военная операция заняла больше времени, поскольку начиналась против киевского режима, а\xa0продолжается в\xa0виде конфликта с\xa0участием НАТО. Об\xa0этом заявил пресс-секретарь президента\xa0РФ Дмитрий Песков.']",ТАСС,http://www.tass.ru/,Саммит G20
['Зеленский заявил о намерении использовать дальнобойные ATACMS по России'],"['МОСКВА, 19\xa0ноября. /ТАСС/. Вооруженные силы Украины (ВСУ) готовы использовать дальнобойные ATACMS по\xa0территории России, заявил Владимир Зеленский.']",ТАСС,http://www.tass.ru/,Саммит G20
